{"cameraMode":{"drawMode":0,"name":"Shaded","section":"Shading Mode"},"sceneLighting":false,"audioPlay":false,"sceneViewState":{"showFog":false,"showMaterialUpdate":false,"showSkybox":true,"showFlares":true,"showImageEffects":true,"showParticleSystems":true},"in2DMode":false,"pivot":{"x":-28.90958023071289,"y":3.9098987579345705,"z":-66.35369873046875},"rotation":{"x":0.231273353099823,"y":0.06997958570718765,"z":-0.016680611297488214,"w":0.9702253937721252},"size":18.43631362915039,"orthographic":false}