{"cameraMode":{"drawMode":0,"name":"Shaded","section":"Shading Mode"},"sceneLighting":false,"audioPlay":false,"sceneViewState":{"showFog":true,"showMaterialUpdate":false,"showSkybox":true,"showFlares":true,"showImageEffects":true,"showParticleSystems":true},"in2DMode":false,"pivot":{"x":-36.15572738647461,"y":2.9938857555389406,"z":-69.75474548339844},"rotation":{"x":0.027240779250860215,"y":-0.2596849799156189,"z":0.007328868377953768,"w":0.9652813076972961},"size":14.906903266906739,"orthographic":false}