{"cameraMode":{"drawMode":0,"name":"Shaded","section":"Shading Mode"},"sceneLighting":false,"audioPlay":false,"sceneViewState":{"showFog":true,"showMaterialUpdate":false,"showSkybox":true,"showFlares":true,"showImageEffects":true,"showParticleSystems":true},"in2DMode":false,"pivot":{"x":1.9288806915283204,"y":1.0923211574554444,"z":-1.551635980606079},"rotation":{"x":0.01771724224090576,"y":-0.9244623184204102,"z":-0.04328612610697746,"w":-0.3783940076828003},"size":3.7893285751342775,"orthographic":false}