{"cameraMode":{"drawMode":0,"name":"Shaded","section":"Shading Mode"},"sceneLighting":true,"audioPlay":false,"sceneViewState":{"showFog":true,"showMaterialUpdate":false,"showSkybox":true,"showFlares":true,"showImageEffects":true,"showParticleSystems":true},"in2DMode":false,"pivot":{"x":-17.494552612304689,"y":5.50430154800415,"z":-68.00347137451172},"rotation":{"x":-0.10894740372896195,"y":-0.1115468442440033,"z":0.012303218245506287,"w":-0.9876924753189087},"size":11.174135208129883,"orthographic":false}