{"cameraMode":{"drawMode":0,"name":"Shaded","section":"Shading Mode"},"sceneLighting":true,"audioPlay":false,"sceneViewState":{"showFog":true,"showMaterialUpdate":false,"showSkybox":true,"showFlares":true,"showImageEffects":true,"showParticleSystems":true},"in2DMode":false,"pivot":{"x":-11.425168991088868,"y":4.336763858795166,"z":-50.92597961425781},"rotation":{"x":-0.2334439903497696,"y":-0.0437009371817112,"z":0.010501853190362454,"w":-0.971331000328064},"size":11.174135208129883,"orthographic":false}