{"cameraMode":{"drawMode":0,"name":"Shaded","section":"Shading Mode"},"sceneLighting":true,"audioPlay":false,"sceneViewState":{"showFog":true,"showMaterialUpdate":false,"showSkybox":true,"showFlares":true,"showImageEffects":true,"showParticleSystems":true},"in2DMode":false,"pivot":{"x":-36.839271545410159,"y":1.5637578964233399,"z":-62.790687561035159},"rotation":{"x":0.10070479661226273,"y":-0.0062828995287418369,"z":0.0006378857651725411,"w":0.9948962926864624},"size":18.29937171936035,"orthographic":false}