{"cameraMode":{"drawMode":0,"name":"Shaded","section":"Shading Mode"},"sceneLighting":false,"audioPlay":false,"sceneViewState":{"showFog":true,"showMaterialUpdate":false,"showSkybox":true,"showFlares":true,"showImageEffects":true,"showParticleSystems":true},"in2DMode":false,"pivot":{"x":476.7566223144531,"y":19.671798706054689,"z":-106.85072326660156},"rotation":{"x":0.2725285589694977,"y":0.19909296929836274,"z":-0.057749077677726749,"w":0.9395505785942078},"size":1623.6536865234375,"orthographic":false}