{"cameraMode":{"drawMode":0,"name":"Shaded","section":"Shading Mode"},"sceneLighting":true,"audioPlay":false,"sceneViewState":{"showFog":true,"showMaterialUpdate":false,"showSkybox":true,"showFlares":true,"showImageEffects":true,"showParticleSystems":true},"in2DMode":false,"pivot":{"x":-37.0,"y":0.10000038146972656,"z":-71.30000305175781},"rotation":{"x":0.08447276800870896,"y":-0.35002920031547549,"z":0.03171346336603165,"w":0.932383120059967},"size":232.2574462890625,"orthographic":false}