{"cameraMode":{"drawMode":0,"name":"Shaded","section":"Shading Mode"},"sceneLighting":true,"audioPlay":false,"sceneViewState":{"showFog":true,"showMaterialUpdate":false,"showSkybox":true,"showFlares":true,"showImageEffects":true,"showParticleSystems":true},"in2DMode":false,"pivot":{"x":-35.88963317871094,"y":9.233552932739258,"z":-71.30000305175781},"rotation":{"x":0.1939956545829773,"y":0.03120589442551136,"z":-0.0061729177832603458,"w":0.9804865717887878},"size":10.120436668395996,"orthographic":false}