{"cameraMode":{"drawMode":0,"name":"Shaded","section":"Shading Mode"},"sceneLighting":true,"audioPlay":false,"sceneViewState":{"showFog":true,"showMaterialUpdate":false,"showSkybox":true,"showFlares":true,"showImageEffects":true,"showParticleSystems":true},"in2DMode":false,"pivot":{"x":-6.445587635040283,"y":1.8356735706329346,"z":-15.550975799560547},"rotation":{"x":-0.0027469072956591846,"y":0.9972385764122009,"z":-0.049713294953107837,"w":-0.055102698504924777},"size":10.0,"orthographic":false}